{"cameraMode":{"drawMode":0,"name":"Shaded","section":"Shading Mode"},"sceneLighting":true,"audioPlay":false,"sceneViewState":{"showFog":true,"showMaterialUpdate":false,"showSkybox":true,"showFlares":true,"showImageEffects":true,"showParticleSystems":true},"in2DMode":false,"pivot":{"x":-7.694301605224609,"y":9.458986282348633,"z":-4.571592330932617},"rotation":{"x":0.2732503116130829,"y":-0.028852904215455056,"z":0.008199975825846196,"w":0.9614751935005188},"size":110.682861328125,"orthographic":false}