{"cameraMode":{"drawMode":0,"name":"Shaded","section":"Shading Mode"},"sceneLighting":true,"audioPlay":false,"sceneViewState":{"showFog":true,"showMaterialUpdate":false,"showSkybox":true,"showFlares":true,"showImageEffects":true,"showParticleSystems":true},"in2DMode":false,"pivot":{"x":-2.0134456157684328,"y":15.906036376953125,"z":-22.83794403076172},"rotation":{"x":0.19554416835308076,"y":-0.14067363739013673,"z":0.028354501351714135,"w":0.9701389074325562},"size":16.68739891052246,"orthographic":false}